                  epoch,             train/loss,  metrics/accuracy_top1,  metrics/accuracy_top5,               val/loss,                 lr/pg0,                 lr/pg1,                 lr/pg2
                      1,                 0.7649,                   0.48,                      1,                 0.6971,              4.284e-05,              4.284e-05,              4.284e-05
                      2,                0.65176,                   0.75,                      1,                0.62256,             6.9847e-05,             6.9847e-05,             6.9847e-05
                      3,                0.57367,                   0.85,                      1,                0.59298,             7.2114e-05,             7.2114e-05,             7.2114e-05
                      4,                0.54623,                   0.86,                      1,                0.57592,             4.9641e-05,             4.9641e-05,             4.9641e-05
